{"cameraMode":{"drawMode":0,"name":"Shaded","section":"Shading Mode"},"sceneLighting":false,"audioPlay":false,"sceneViewState":{"showFog":true,"showMaterialUpdate":false,"showSkybox":false,"showFlares":true,"showImageEffects":true,"showParticleSystems":true},"in2DMode":false,"pivot":{"x":11.488565444946289,"y":0.07800006866455078,"z":-2.081088066101074},"rotation":{"x":-0.05804533138871193,"y":0.8979973793029785,"z":-0.12471625953912735,"w":-0.4179445505142212},"size":17.34518051147461,"orthographic":false}