{"cameraMode":{"drawMode":0,"name":"Shaded","section":"Shading Mode"},"sceneLighting":true,"audioPlay":false,"sceneViewState":{"showFog":true,"showMaterialUpdate":true,"showSkybox":true,"showFlares":true,"showImageEffects":true,"showParticleSystems":true},"in2DMode":false,"pivot":{"x":0.0,"y":0.06500011682510376,"z":2.3197503089904787},"rotation":{"x":-0.13547062873840333,"y":0.06683174520730972,"z":-0.009161446243524552,"w":-0.9884864091873169},"size":53.864219665527347,"orthographic":false}